max,min,mean,sd,rms,skewness,kurtosis,fault
1.382972695,-1.175218164,0.015996449,0.292140865,0.292432599,0.082279356,2.316094539,ir_3
1.482707864,-1.095462515,0.015276699,0.286502001,0.286765916,0.189660355,2.75450026,ir_3
1.12632519,-1.181228263,0.015340699,0.288121371,0.288385589,0.10077618,2.501778074,ir_3
1.203806747,-1.027889501,0.015540169,0.282662614,0.28294832,0.123284263,2.110247594,ir_3
1.294120679,-1.172294331,0.015049615,0.284347841,0.284603816,0.060281341,2.4198052,ir_3
1.56457517,-1.12031509,0.016276975,0.292389771,0.292696474,0.177367546,2.726627461,ir_3
1.565712216,-1.09530008,0.014146638,0.28744259,0.287646913,0.120701564,2.861910429,ir_3
1.321247345,-1.154913772,0.015774725,0.293392174,0.293669424,0.120304214,2.392779387,ir_3
1.555803673,-1.085391537,0.013928163,0.28950456,0.28969479,0.085884476,2.938206709,ir_3
1.349511058,-1.210141717,0.014724907,0.29566822,0.29588697,0.149672908,2.5768024,ir_3
1.584554691,-1.148903673,0.015022975,0.281589241,0.281849069,0.149740163,3.331890862,ir_3
1.422769301,-1.032112814,0.014550776,0.29441905,0.294631328,0.154907146,2.510076213,ir_3
1.507235569,-1.15832491,0.014379732,0.28086037,0.281087961,0.095839298,2.449582828,ir_3
1.511134012,-1.049006068,0.014579852,0.295956703,0.296167776,0.167484785,2.386599889,ir_3
1.389307665,-1.212415808,0.014421641,0.286660494,0.28687985,0.075933622,2.013590991,ir_3
1.492778842,-1.047869022,0.014883769,0.290819397,0.291054758,0.201704066,2.578472285,ir_3
1.360556647,-1.093350858,0.014038456,0.284112994,0.284317694,0.082159373,1.99496186,ir_3
1.360881517,-1.061838443,0.014088486,0.293285101,0.293476778,0.189950507,1.916429363,ir_3
1.428454531,-1.088802675,0.014420991,0.287201857,0.287420227,0.100829788,2.094592934,ir_3
1.437388463,-1.167908583,0.013013653,0.296890415,0.297027153,0.173432948,2.110671115,ir_3
1.153451856,-1.194385509,0.014620786,0.28565919,0.285890431,0.062919127,1.912761334,ir_3
1.312638283,-1.01993018,0.014120648,0.293109003,0.293302518,0.153847537,2.047030638,ir_3
1.305491138,-1.10131018,0.014566045,0.290243625,0.290463923,0.102465043,1.939026914,ir_3
1.224436008,-0.918895529,0.013663881,0.286176743,0.286359796,0.198930928,1.910136508,ir_3
1.504474172,-1.235481597,0.015248923,0.301942061,0.302176056,0.120679839,2.236389302,ir_3
1.473449062,-1.120477525,0.014457539,0.285663856,0.285886787,0.172816876,2.314573715,ir_3
1.317348902,-0.97623513,0.014737252,0.293912623,0.294135057,0.150028425,1.832944493,ir_3
1.299643473,-1.010021637,0.01347172,0.28565166,0.285826453,0.136519537,1.954309102,ir_3
1.487256048,-1.181228263,0.015465936,0.308801095,0.309033903,0.132552168,1.98075868,ir_3
1.204781357,-1.009047026,0.013829565,0.287080421,0.287269925,0.13180094,1.801869264,ir_3
1.372901717,-1.151177764,0.014884581,0.307307762,0.307514509,0.17961824,1.801486828,ir_3
1.297369381,-1.106020798,0.014597558,0.285560179,0.285790412,0.02963391,2.079864101,ir_3
1.407662834,-1.11462986,0.014574167,0.304137427,0.304334489,0.165246835,2.155268126,ir_3
1.638970459,-1.159786826,0.014988377,0.28805438,0.288300194,0.120931671,2.551118816,ir_3
1.565387345,-1.138182954,0.01444227,0.303775323,0.303966687,0.159315549,2.61005212,ir_3
1.487580918,-1.012295729,0.015109228,0.270663155,0.270949393,0.092824643,2.323550148,ir_3
1.443073693,-1.087990499,0.014647101,0.297576232,0.297787843,0.239763313,2.762448196,ir_3
1.625813214,-1.175055729,0.014245886,0.287556737,0.287765761,0.076590517,3.099127892,ir_3
1.45850503,-1.14597984,0.015007382,0.297137353,0.297367681,0.145124192,2.531601068,ir_3
1.186263752,-1.112193333,0.014115938,0.282988322,0.283198813,0.099449472,2.172984678,ir_3
1.60193525,-1.085229102,0.014254657,0.298191713,0.298383268,0.236058824,2.969156104,ir_3
1.220537565,-1.025615409,0.0153048,0.288410686,0.288672444,0.112038239,1.790123434,ir_3
1.70264503,-1.294607984,0.013577628,0.295798443,0.295962116,0.216498987,3.064170611,ir_3
1.341389301,-1.088802675,0.015421754,0.286435474,0.286707282,0.147644087,2.335290298,ir_3
1.651315529,-1.08864024,0.012937958,0.290593759,0.290736442,0.252617512,3.042294562,ir_3
1.329044232,-1.10228479,0.014957352,0.287412033,0.287657423,0.030044381,2.129136779,ir_3
1.615092495,-1.008559721,0.014524137,0.290171862,0.290390186,0.316651527,2.839021571,ir_3
1.204294052,-1.053554251,0.013390827,0.294953811,0.295110263,0.074633793,1.976224556,ir_3
1.663823034,-1.10131018,0.014080202,0.294530781,0.294720011,0.275836922,2.99714653,ir_3
1.228496886,-1.072559162,0.01386595,0.296592223,0.296767998,0.053153897,1.957176522,ir_3
1.408962315,-1.101472615,0.014094009,0.289559775,0.289757933,0.224340417,3.011318494,ir_3
1.200070739,-1.078406826,0.014158496,0.294066589,0.294260339,0.056337766,1.817131287,ir_3
1.557915329,-1.143218443,0.013701241,0.293010425,0.293184205,0.192846087,2.573418149,ir_3
1.181715569,-1.103909142,0.014711425,0.293669467,0.293891034,0.052809893,1.972937553,ir_3
1.396942116,-1.104234012,0.013440695,0.290655801,0.290821193,0.248150947,2.970530079,ir_3
1.590727226,-1.219887824,0.013762641,0.285899451,0.286087692,0.080312725,2.394668611,ir_3
1.398566467,-1.090102156,0.014659608,0.284985166,0.285219621,0.177171582,2.736246131,ir_3
1.150040719,-0.968600679,0.013491699,0.291654421,0.291820604,0.102639125,1.923886262,ir_3
1.313612894,-1.054691297,0.014566045,0.290409371,0.290629377,0.229241626,2.291075131,ir_3
1.53322519,-1.262608263,0.013058485,0.28365616,0.283814869,0.049160864,2.86487847,ir_3
1.30208,-1.135908862,0.014371448,0.292312773,0.292519827,0.249063114,2.409934257,ir_3
1.350485669,-1.065412016,0.013059135,0.285326727,0.285482873,0.146201847,2.253619131,ir_3
1.454119281,-1.178466866,0.013412269,0.30128514,0.301432998,0.167707688,2.355545207,ir_3
1.354871417,-1.203806747,0.013092759,0.279489773,0.279656645,-0.060649918,2.22726722,ir_3
1.376312854,-1.040721876,0.012152422,0.293448962,0.293553849,0.28682674,2.477201724,ir_3
1.401652735,-1.11365525,0.012565494,0.288271735,0.288401429,0.058699568,2.222724779,ir_3
1.309876886,-1.115929341,0.013062221,0.295754821,0.295895361,0.193441185,2.111280645,ir_3
1.242303872,-0.986793413,0.011759166,0.282850026,0.28295302,0.13345703,1.857887024,ir_3
1.322709261,-1.168395888,0.013301001,0.294396099,0.294549335,0.242942431,2.432426143,ir_3
1.379886427,-0.975422954,0.012213335,0.288464503,0.288578799,0.101029955,1.772658384,ir_3
1.498788942,-1.186751058,0.012986689,0.299985193,0.300116275,0.195488693,2.546059912,ir_3
1.419195729,-1.006285629,0.011814232,0.284857939,0.284960484,0.131450097,2.128584119,ir_3
1.26471992,-1.049168503,0.012323953,0.29539898,0.295508337,0.216868386,2.077147201,ir_3
1.286811098,-1.015057126,0.0124898,0.29259269,0.292712943,0.144563303,1.662078086,ir_3
1.438038204,-1.102122355,0.011570904,0.289098092,0.289185088,0.245992205,2.44337237,ir_3
1.342526347,-1.100173134,0.012899461,0.293657186,0.293793643,0.144428237,1.659798185,ir_3
1.513570539,-1.065412016,0.011902759,0.29898591,0.299073331,0.225722908,2.394941697,ir_3
1.264232615,-0.96421493,0.012465922,0.2996095,0.299719012,0.125204784,1.342218392,ir_3
1.451195449,-1.022691577,0.012878507,0.293159212,0.293295478,0.260164001,2.455116995,ir_3
1.24539014,-1.013757645,0.012523261,0.296563886,0.296679997,0.180407936,1.654454323,ir_3
1.484819521,-1.07629517,0.011660893,0.289385605,0.289475838,0.23518764,2.922983152,ir_3
1.225085749,-0.954306387,0.013192007,0.286177073,0.286337998,0.136382315,1.477705277,ir_3
1.35779525,-1.138020519,0.012410531,0.29397025,0.29408521,0.313220152,2.490208466,ir_3
1.447297006,-1.163197964,0.012435221,0.295649692,0.295763362,0.122646186,1.943028126,ir_3
1.324171178,-1.108944631,0.011597543,0.286930216,0.287021119,0.240639253,2.833040761,ir_3
1.739030499,-1.221837046,0.01349105,0.297329617,0.297486983,0.190237148,2.270930031,ir_3
1.485144391,-1.026102715,0.012110026,0.291293815,0.291399875,0.199628867,2.156316137,ir_3
1.599661158,-1.115117166,0.012825228,0.296827023,0.296955656,0.197313856,2.478997183,ir_3
1.403114651,-1.044133014,0.012010941,0.288089855,0.288196169,0.199470631,2.626632585,ir_3
1.555478802,-1.115766906,0.013179662,0.2912094,0.291362,0.194119646,2.376466109,ir_3
1.408962315,-1.095462515,0.011829826,0.291334255,0.291428751,0.18019532,2.64303441,ir_3
1.69631006,-1.158487345,0.012649473,0.295797439,0.295919986,0.241894262,2.557993106,ir_3
1.446322395,-1.142568703,0.012144462,0.284763773,0.284880332,0.228377105,2.500000628,ir_3
1.566686826,-1.099360958,0.012711199,0.292012596,0.292143217,0.15714388,2.772982138,ir_3
1.497002156,-1.151177764,0.012383729,0.290997561,0.29111554,0.246912102,3.352920359,ir_3
1.339602515,-1.025128104,0.012013052,0.291233113,0.291335241,0.173426175,2.154212525,ir_3
1.380211297,-1.12697493,0.012871847,0.289612554,0.289753758,0.262032718,2.603506817,ir_3
1.338303034,-1.056315649,0.011044452,0.288860332,0.288927034,0.140182787,2.026467403,ir_3
1.447459441,-1.122589182,0.013862701,0.301703894,0.301871477,0.2534222,2.656816023,ir_3
1.404901437,-1.041371617,0.011999245,0.28736189,0.287468713,0.177502182,2.532699644,ir_3
1.467926267,-1.043483273,0.013199316,0.292925478,0.293076359,0.197277692,2.271510447,ir_3
1.50187521,-0.956742914,0.011607127,0.278853361,0.278955486,0.14796421,2.169980457,ir_3
1.319135689,-1.370140319,0.01310884,0.302249343,0.302382461,0.195140065,2.91411393,ir_3
1.399216208,-1.010671377,0.01314084,0.282989472,0.283153033,0.222689804,2.289603939,ir_3
1.275440639,-1.123563792,0.011882779,0.290020586,0.290118991,0.144266233,2.569892236,ir_3
1.462078603,-1.061351138,0.01212026,0.281204403,0.281324974,0.218764225,2.588596693,ir_3
1.548169222,-1.239217605,0.012544703,0.292241309,0.292364408,0.170387439,2.974784998,ir_3
1.409287186,-1.135421557,0.011559209,0.283875123,0.283968511,0.181593205,2.60726289,ir_3
1.368191098,-1.137208343,0.012864375,0.300022708,0.30014847,0.187638121,2.712942786,ir_3
1.486931178,-1.087828064,0.011215983,0.289251466,0.289324286,0.184053162,2.2985113,ir_3
1.324171178,-1.054853733,0.013602155,0.299312783,0.299472157,0.203568497,2.559887104,ir_3
1.608432655,-1.15864978,0.011896749,0.287141473,0.287244334,0.158396256,3.105818588,ir_3
1.379886427,-1.163035529,0.012193518,0.293562116,0.293668553,0.228291375,3.20140608,ir_3
1.472312016,-1.060051657,0.012689107,0.285332241,0.285471691,0.132633421,2.285550015,ir_3
1.423419042,-1.184476966,0.011657482,0.301040052,0.301115235,0.133294292,2.627676201,ir_3
1.160111697,-0.924743194,0.012565982,0.284046649,0.284182547,0.142556428,1.701813102,ir_3
1.344638004,-1.025615409,0.011685746,0.298012242,0.298092338,0.26428828,2.059627252,ir_3
1.437388463,-1.23304507,0.012158432,0.289440328,0.289550955,0.140761019,2.371686176,ir_3
1.400190818,-1.178954172,0.01067881,0.290754879,0.290805602,0.161756932,2.627005345,ir_3
1.389632535,-1.252862156,0.012703889,0.292815209,0.292944354,0.160232635,2.635852607,ir_3
2.956725449,-2.840990419,0.034671372,0.652659513,0.65325384,0.069414157,4.806794885,or_3
3.547583234,-2.97337505,0.033864882,0.702511475,0.702976301,0.180366917,4.238717,or_3
3.105353593,-2.859264371,0.034763148,0.651910063,0.652510704,0.112053019,4.708347352,or_3
3.325047106,-3.082612675,0.033767015,0.715911084,0.71634933,-0.007543614,4.705561002,or_3
2.894187924,-3.151647605,0.034664875,0.659485103,0.660066158,0.045345079,4.727978119,or_3
3.256012176,-3.019669062,0.034537769,0.701511331,0.702010603,0.183982374,4.318644745,or_3
3.492355289,-3.212560778,0.033051894,0.666853654,0.667339141,0.088163828,4.525488887,or_3
3.132155389,-3.096419661,0.033352805,0.692278226,0.692735378,0.010679942,4.966519132,or_3
2.888096607,-2.948197605,0.032730679,0.664159823,0.664634079,0.008575076,4.281276856,or_3
3.209312076,-3.032663872,0.034867107,0.678998664,0.679554164,0.079912883,4.812150566,or_3
3.104947505,-3.007892515,0.031666322,0.669419434,0.669833571,0.091203996,3.961190779,or_3
3.132155389,-3.077739621,0.032712811,0.651078203,0.651574287,0.12624497,4.927132257,or_3
3.098856188,-3.006268164,0.031556679,0.68232225,0.682710709,-0.09227546,4.175064799,or_3
2.832056487,-2.894594012,0.032225505,0.641606117,0.642094413,-0.02502892,4.914744675,or_3
2.979872455,-2.858858283,0.032156877,0.674640855,0.67506978,0.020085149,4.034243517,or_3
3.239362575,-2.819467764,0.031200946,0.626199078,0.626663114,0.174511297,4.611608045,or_3
3.366874152,-2.881599202,0.031424294,0.677997521,0.678386648,0.039078882,4.089878405,or_3
3.05175,-2.666372655,0.030930085,0.606061119,0.606547145,0.140341894,4.85121848,or_3
3.166672854,-2.722006687,0.029616797,0.674786278,0.675098762,0.045228655,3.8831448,or_3
3.164642415,-2.71957016,0.030240548,0.599092309,0.599555814,0.137937681,4.894417341,or_3
2.93601497,-2.712666667,0.029081573,0.670289865,0.67058553,0.090778836,3.974430116,or_3
2.989618563,-2.695610978,0.029515681,0.611760515,0.612166523,0.045641885,4.779724267,or_3
2.871447006,-2.767488523,0.028420056,0.676407763,0.67666656,0.006792816,4.140771934,or_3
2.589215968,-2.546170659,0.028841169,0.604645837,0.605031243,0.001821485,4.798067025,or_3
3.062308283,-2.880380938,0.027914071,0.676703247,0.676940582,0.045702312,4.278796183,or_3
2.821092116,-2.630230838,0.028659648,0.622066685,0.622415752,-0.034837368,4.647309239,or_3
3.329514072,-3.181698104,0.028137013,0.687520561,0.68775252,0.023976475,4.699519554,or_3
3.029821257,-3.104947505,0.027716306,0.629490432,0.629785789,0.042853499,4.97994847,or_3
3.314488822,-2.912055788,0.026776619,0.685935738,0.686115381,0.123241895,4.586324144,or_3
3.248702595,-2.888096607,0.027101895,0.641179384,0.641431527,0.118494209,4.916500907,or_3
3.038349102,-2.887284431,0.026766467,0.705168889,0.705324282,0.080938001,4.277031699,or_3
3.142713673,-3.056623054,0.027149408,0.650562287,0.650803464,-0.000597512,4.877825721,or_3
3.226773852,-3.283626148,0.026515911,0.709103937,0.709245133,0.085663799,4.829659164,or_3
3.199972056,-3.097231836,0.025988403,0.683265928,0.68341852,0.051774091,4.579997345,or_3
3.061902196,-3.107384032,0.025945357,0.707263629,0.707385878,0.002197881,4.360180061,or_3
2.994491617,-2.882817465,0.025322012,0.68757401,0.687696492,0.012748981,4.363181602,or_3
3.425350798,-2.984339421,0.025202216,0.704840763,0.7049389,0.079028017,4.680021251,or_3
3.23286517,-3.134591916,0.024666181,0.685742854,0.685843597,0.095640276,4.498218158,or_3
3.098044012,-2.904746208,0.024327503,0.700192799,0.700265316,0.036589043,4.562669132,or_3
3.242611277,-3.013171657,0.024267808,0.69265478,0.692733571,0.033617844,4.603755901,or_3
3.260073054,-3.237332136,0.026725452,0.701906675,0.702064497,0.049666561,4.581346311,or_3
3.127688423,-3.09276487,0.025054401,0.70050829,0.700606077,0.028139594,4.671602045,or_3
3.206063373,-3.187789421,0.024457857,0.695384363,0.695466778,-0.070667755,4.805186055,or_3
3.347788024,-2.79794511,0.023163656,0.696526913,0.696563813,0.102625699,4.539954967,or_3
3.312052295,-3.07043004,0.026599971,0.687110224,0.687281527,0.086433557,4.766772167,or_3
3.463523054,-3.081800499,0.024377858,0.696632714,0.696710931,-0.035563568,4.602184806,or_3
3.104947505,-2.887690519,0.023213604,0.680788931,0.680844304,0.068110383,4.650588164,or_3
3.211748603,-2.972562874,0.023855223,0.685602686,0.685674897,0.099310005,4.205026573,or_3
3.206469461,-3.033882136,0.024415624,0.677169683,0.677271248,0.001701666,4.722358954,or_3
2.871447006,-2.782513772,0.023710656,0.67959994,0.679673758,0.09682435,4.06465378,or_3
3.235301697,-2.987588124,0.024094409,0.664584582,0.664689051,0.101727551,4.977077126,or_3
3.300681836,-2.930329741,0.023704158,0.674757909,0.674836887,0.049748778,4.58435516,or_3
3.046876946,-3.067181337,0.024415624,0.659015969,0.659138732,0.126940658,4.541901986,or_3
2.971344611,-2.670839621,0.023939283,0.674443366,0.674530999,0.126722387,3.995224482,or_3
3.057029142,-3.157738922,0.023189645,0.658937974,0.659016551,0.007505342,4.814730421,or_3
2.926268862,-2.862513074,0.024053394,0.658107724,0.658218228,0.074118968,4.113100368,or_3
3.241799102,-3.019262974,0.022838379,0.657427234,0.657495209,0.11280141,4.605389339,or_3
3.201596407,-2.798757285,0.02343208,0.6650204,0.665100701,0.0273878,4.280269387,or_3
2.936827146,-3.011547305,0.023637154,0.654882777,0.654981904,0.081281248,4.380102276,or_3
3.061496108,-2.793478144,0.02312061,0.655769068,0.655848763,0.007841437,4.234618493,or_3
3.278347006,-3.006268164,0.02277503,0.654106299,0.654175739,0.077791648,4.425756503,or_3
2.872259182,-2.854797405,0.023190457,0.643776746,0.64387254,0.080836585,4.19825381,or_3
3.466771756,-3.057841317,0.022425794,0.660845435,0.66089552,0.021007276,4.819080888,or_3
2.704138822,-2.653783932,0.022861932,0.657796464,0.657864849,0.070663577,4.11653402,or_3
3.327077545,-3.142713673,0.022175644,0.658730313,0.658774209,0.050841491,4.861568038,or_3
2.802412076,-2.8015999,0.021996965,0.640829361,0.640886475,0.124932414,4.323246453,or_3
3.330732335,-3.07977006,0.021756561,0.65634019,0.656372616,0.026191753,4.923961325,or_3
3.202002495,-2.978654192,0.02117545,0.643811884,0.643838216,-0.075041382,4.773813178,or_3
3.108602295,-3.157332834,0.021955138,0.660062976,0.660098082,0.062509571,4.618038986,or_3
3.340884531,-2.919771457,0.020743372,0.648740533,0.648747796,-0.002131129,4.906924833,or_3
3.323828842,-3.024542116,0.021026009,0.671941239,0.671934236,0.088694892,4.292224373,or_3
3.017232535,-2.809721657,0.019673737,0.656848018,0.656814224,0.019233476,4.538306706,or_3
3.076521357,-3.197535529,0.021928336,0.666780448,0.666807635,0.004818111,4.88923082,or_3
3.061902196,-3.023323852,0.021495853,0.646526377,0.646560462,0.12911548,4.630003261,or_3
3.199972056,-3.408701198,0.02094601,0.672366832,0.67235691,0.066319822,5.331231061,or_3
3.284032236,-2.772767665,0.019148259,0.654166803,0.654119964,0.039479421,4.872604648,or_3
2.828401697,-3.093983134,0.019883278,0.693821331,0.693759322,0.08487851,4.341551197,or_3
3.006268164,-3.058247405,0.020494034,0.664789066,0.664772565,0.138653473,4.468728925,or_3
3.504131836,-2.994491617,0.018950494,0.687161304,0.687079027,0.06816261,5.258510609,or_3
3.337635828,-3.175200699,0.016763305,0.669643037,0.669518023,0.047614205,5.131083333,or_3
3.081800499,-3.016420359,0.018783186,0.710154982,0.710048299,0.046076488,4.495653563,or_3
3.359564571,-2.935202794,0.018859125,0.672825035,0.672752927,0.106892374,4.670489169,or_3
3.63042515,-3.12647016,0.018786841,0.708774864,0.708669452,0.116402783,4.54644067,or_3
3.304336627,-3.076115269,0.018278013,0.673438875,0.673350194,0.058510528,4.946520993,or_3
3.3019001,-3.24585998,0.018720649,0.719963573,0.719846971,0.104233922,4.849301931,or_3
3.192662475,-3.181698104,0.018188674,0.677127965,0.677033682,0.03274323,4.695039694,or_3
3.430223852,-3.23651996,0.018418519,0.724613796,0.724485562,0.022171642,4.518412843,or_3
2.89865489,-2.825559082,0.017804108,0.679514588,0.679408067,0.049264731,4.497922874,or_3
3.264133932,-3.052968263,0.017715987,0.711461097,0.711325925,0.026408282,4.438340126,or_3
3.278347006,-2.899060978,0.017992939,0.668086037,0.667994281,0.105291196,4.630929937,or_3
3.128500599,-2.943324551,0.017738728,0.707861433,0.707729753,-0.005415211,4.487535855,or_3
3.346163673,-3.091546607,0.018147659,0.663643541,0.663559842,-0.020315456,4.70653575,or_3
3.138652794,-2.943730639,0.017832535,0.699499182,0.699376726,0.035783538,4.377490432,or_3
2.916116667,-3.123221457,0.017561268,0.661171596,0.661074224,-0.004099685,4.426057141,or_3
3.063932635,-2.802412076,0.017951518,0.689259078,0.68914821,0.039829417,4.146518805,or_3
3.221494711,-2.765458084,0.017627866,0.670280603,0.670177255,0.075446065,4.545541163,or_3
2.951852395,-2.886472255,0.017109698,0.670150077,0.670033407,-0.086558022,4.681247496,or_3
3.15245978,-2.964441118,0.017848372,0.651912702,0.651831071,0.021346278,4.519337109,or_3
3.192256387,-2.708199701,0.016459958,0.655261469,0.655140561,0.144178524,4.725414985,or_3
2.758554591,-3.052968263,0.017758627,0.655247693,0.655160712,0.017835374,4.400011562,or_3
3.143525848,-2.809721657,0.017038227,0.653297286,0.65319281,0.017466625,4.449766833,or_3
3.12647016,-3.130531038,0.016826655,0.652789846,0.652680308,0.019426478,4.552406096,or_3
3.227586028,-2.727691916,0.016743001,0.640848757,0.640747041,0.153091912,4.779835863,or_3
3.016014271,-2.979060279,0.016437623,0.651244724,0.651126536,0.078549869,4.937174145,or_3
2.972156786,-3.074897006,0.017152744,0.631299936,0.631217305,-0.034237873,4.889866326,or_3
3.383117665,-3.14311976,0.016186255,0.655370678,0.655242863,0.034976471,4.71069488,or_3
3.278347006,-2.887690519,0.016670311,0.628976438,0.628882857,0.081989432,4.916747195,or_3
3.379462874,-2.795102495,0.018156187,0.667914435,0.667827245,0.082050546,4.606732597,or_3
2.920989721,-2.717133633,0.018198014,0.634191573,0.63413557,0.105761776,5.182184315,or_3
3.194692914,-3.210936427,0.018389281,0.666262367,0.666183009,0.064604604,4.538017519,or_3
3.240580838,-2.721194511,0.017030917,0.635479957,0.635390426,0.118087412,4.888341969,or_3
3.405858583,-3.044846507,0.017882077,0.661344159,0.661255238,0.055350406,4.689716735,or_3
2.880380938,-2.662717864,0.017378122,0.638442847,0.638360132,0.147256726,4.667252215,or_3
3.053374351,-2.918553194,0.018500955,0.679569665,0.679481714,0.047126635,4.594521261,or_3
3.1451502,-2.804442515,0.016790513,0.632232555,0.632139389,0.019302723,4.792330031,or_3
3.35225499,-3.119566667,0.015511743,0.692402526,0.692230056,0.073975927,5.20064992,or_3
2.83530519,-2.846269561,0.017354975,0.636073157,0.635991877,0.123781691,4.525879014,or_3
3.34656976,-3.070836128,0.016468486,0.696494888,0.696341321,0.059131618,4.799845917,or_3
3.372559381,-2.996928144,0.015991332,0.636658029,0.636540522,0.030605235,4.649890452,or_3
3.275098303,-3.202408583,0.016056306,0.722986096,0.722802871,0.037444697,4.879557639,or_3
0.217794462,-0.198601846,0.012355663,0.075144049,0.07611599,-0.172058322,-0.246717365,nf
0.212161846,-0.272868923,0.012144962,0.070630653,0.071632398,-0.110605646,0.099398876,nf
0.212370462,-0.208198154,0.012646473,0.076432592,0.077434052,0.092594778,-0.315351625,nf
0.223009846,-0.226764923,0.013299648,0.079039662,0.080111806,-0.189057399,-0.020682829,nf
0.188588308,-0.186919385,0.010028767,0.07481837,0.075450426,-0.022815372,-0.305104111,nf
0.219254769,-0.202148308,0.012658573,0.069828202,0.070931948,0.081612577,-0.121043838,nf
0.198184615,-0.249295385,0.010301219,0.074269716,0.074943912,-0.160188667,-0.224377169,nf
0.247417846,-0.188379692,0.011757146,0.071140457,0.072070342,0.01581112,-0.053489149,nf
0.220715077,-0.215499692,0.010519014,0.075849429,0.076537784,-0.213009981,-0.052109933,nf
0.224678769,-0.179826462,0.011070384,0.067596472,0.068463619,-0.054559365,-0.260899915,nf
0.195889846,-0.187962462,0.01001479,0.072928055,0.073576346,-0.086542826,-0.23727564,nf
0.208824,-0.197141538,0.012669212,0.069780355,0.070886794,-0.163923202,-0.15368332,nf
0.205486154,-0.199227692,0.008983604,0.072183769,0.072704822,-0.163294008,-0.263452157,nf
0.180243692,-0.183581538,0.013032203,0.069509261,0.070686238,0.032263799,-0.384740212,nf
0.215916923,-0.236778462,0.01090975,0.075242204,0.07599178,-0.09028316,-0.155597429,nf
0.219672,-0.179826462,0.011546236,0.070321793,0.071228681,-0.006153221,-0.218765698,nf
0.194012308,-0.186919385,0.011808882,0.071273551,0.072210033,-0.220717462,-0.373376731,nf
0.206112,-0.186919385,0.013653251,0.072191512,0.073435782,-0.006389984,-0.318119896,nf
0.204860308,-0.210492923,0.010908498,0.074896604,0.075649766,-0.148444858,-0.441791222,nf
0.248252308,-0.174611077,0.011583369,0.072948098,0.073825999,0.024498641,-0.33491155,nf
0.219463385,-0.238238769,0.011381847,0.071930227,0.072789628,-0.108088647,0.109730092,nf
0.219672,-0.198810462,0.014056505,0.073727924,0.075019706,0.014883881,-0.350447447,nf
0.217168615,-0.187545231,0.013735654,0.071938329,0.07320257,-0.11962466,-0.27447397,nf
0.197558769,-0.208615385,0.01169477,0.07219599,0.073101412,-0.064281807,-0.388891597,nf
0.206320615,-0.195889846,0.013301317,0.072825988,0.073994905,-0.03192732,-0.340889756,nf
0.218420308,-0.208198154,0.00987022,0.072883841,0.073513015,-0.192184286,-0.144490257,nf
0.198393231,-0.207363692,0.009586711,0.070917549,0.071527439,-0.221247842,-0.230643283,nf
0.200479385,-0.193177846,0.011156542,0.078338708,0.079090357,-0.043306502,-0.667706764,nf
0.201105231,-0.286637538,0.00703764,0.073613218,0.073912213,-0.365328519,0.302793365,nf
0.231563077,-0.161676923,0.010874494,0.071116069,0.071907527,0.148481806,-0.373245896,nf
0.175028308,-0.21696,0.00850212,0.067692018,0.068190272,-0.227565556,-0.28589481,nf
0.205277538,-0.182955692,0.009324065,0.072933971,0.07349138,-0.100381338,-0.51505636,nf
0.220297846,-0.220715077,0.010725751,0.072363482,0.073118252,0.02927575,-0.247912828,nf
0.188379692,-0.208615385,0.009963471,0.073614541,0.074249258,-0.102180859,-0.315411109,nf
0.227808,-0.190883077,0.011223508,0.070128996,0.070986795,-0.069605042,-0.18852739,nf
0.213204923,-0.199436308,0.013629886,0.072615294,0.073847693,-0.103001176,-0.427859479,nf
0.190465846,-0.180243692,0.010422842,0.069641729,0.070382925,-0.132126063,-0.183797792,nf
0.218420308,-0.230937231,0.013739201,0.070217916,0.071514969,-0.026697768,-0.087751798,nf
0.196515692,-0.240116308,0.013682874,0.07555585,0.07674763,-0.06488289,-0.457750517,nf
0.225096,-0.188171077,0.012733883,0.070953724,0.072052399,0.077763089,-0.140489599,nf
0.206320615,-0.183790154,0.013149445,0.069374644,0.070575749,-0.046500093,-0.369572431,nf
0.252633231,-0.208615385,0.014472066,0.073627701,0.075000387,0.038886742,-0.138753901,nf
0.191508923,-0.195264,0.01073806,0.071894197,0.072656126,0.005995461,-0.348406404,nf
0.248669538,-0.221758154,0.015401657,0.072978297,0.074550098,0.050582793,0.0978295,nf
0.222175385,-0.201105231,0.012041071,0.069966623,0.070960696,-0.106370167,-0.038364813,nf
0.224678769,-0.180869538,0.014455377,0.074361392,0.075716873,0.069679121,-0.351598814,nf
0.253676308,-0.204025846,0.013674947,0.073644114,0.07486679,0.161160638,0.111274932,nf
0.179200615,-0.190048615,0.012780404,0.073423581,0.074491408,-0.172938139,-0.305811909,nf
0.243662769,-0.196724308,0.012100944,0.073848261,0.074796691,-0.020376947,-0.350522742,nf
0.311254154,-0.220715077,0.014544039,0.075592157,0.076941465,0.142745336,0.252616848,nf
0.197350154,-0.198184615,0.010476247,0.070986658,0.071720418,-0.013066067,-0.432672373,nf
0.233023385,-0.211118769,0.015802824,0.072446404,0.074114521,-0.002207478,-0.11595519,nf
0.252633231,-0.220506462,0.011122121,0.067687722,0.068561998,-0.088802126,0.249653678,nf
0.228642462,-0.195055385,0.013317798,0.074612962,0.075755467,0.016776796,-0.351791601,nf
0.200479385,-0.200479385,0.015029487,0.066631361,0.068272864,-0.075792814,-0.280660566,nf
0.205277538,-0.204025846,0.013275031,0.072461938,0.07363225,0.105946595,-0.367488323,nf
0.17628,-0.181704,0.011633228,0.065712663,0.066702084,0.007004341,-0.383517431,nf
0.271408615,-0.223427077,0.013681831,0.077115907,0.078282237,0.052114706,-0.152414425,nf
0.258057231,-0.187336615,0.010256575,0.069807846,0.070522759,0.115757765,0.098813277,nf
0.260143385,-0.192969231,0.015846425,0.076006616,0.077603723,0.096505062,-0.122804131,nf
0.219254769,-0.264524308,0.012840694,0.068894006,0.070046564,-0.069631347,0.262748731,nf
0.196098462,-0.226139077,0.013690176,0.074139859,0.07535677,-0.093523814,-0.416967983,nf
0.233023385,-0.186710769,0.012834018,0.068957704,0.070107929,0.056466982,0.070251441,nf
0.214039385,-0.183998769,0.012057343,0.070819125,0.071803291,0.047375411,-0.430501756,nf
0.214248,-0.175445538,0.010619149,0.068239044,0.069026639,0.06754881,-0.142870998,nf
0.220506462,-0.206737846,0.013407919,0.074463079,0.075623923,-0.010858548,-0.276505733,nf
0.190674462,-0.197350154,0.00853821,0.070714115,0.071192602,-0.13088403,-0.205622561,nf
0.212787692,-0.226139077,0.013139223,0.074888682,0.075995694,-0.120214336,-0.096976782,nf
0.190465846,-0.181078154,0.011427116,0.068000327,0.06892024,0.095263963,-0.371562588,nf
0.192760615,-0.215708308,0.011789064,0.073043696,0.073952878,-0.039087815,-0.30484812,nf
0.236987077,-0.217585846,0.011269194,0.071523491,0.072370498,0.175307287,0.225525824,nf
0.210910154,-0.200688,0.01481962,0.074274706,0.075702288,-0.092187996,-0.461829592,nf
0.208615385,-0.149577231,0.010860934,0.066474115,0.067322723,0.031296639,-0.518240311,nf
0.224052923,-0.230311385,0.014233828,0.072124001,0.073479735,0.024477843,0.034933614,nf
0.225930462,-0.208198154,0.008495653,0.071369911,0.071838337,-0.027390101,-0.098343892,nf
0.185459077,-0.160842462,0.015188034,0.070824384,0.072399956,-0.070198692,-0.542819397,nf
0.219880615,-0.227808,0.01185603,0.070430348,0.071386546,-0.087546606,0.175740639,nf
0.192552,-0.172316308,0.012551345,0.072007359,0.073057586,-0.023955877,-0.552657552,nf
0.202356923,-0.246166154,0.011413556,0.070048655,0.070937835,-0.035790715,-0.037415383,nf
0.245957538,-0.221132308,0.011994967,0.070191298,0.071174228,-0.038826393,0.13101491,nf
0.175028308,-0.216125538,0.010529653,0.068554796,0.069324843,-0.064111657,-0.397695501,nf
0.200688,-0.194429538,0.014463513,0.073400308,0.074775737,-0.082279744,-0.391617481,nf
0.187128,-0.185876308,0.010225283,0.069228266,0.069945097,-0.030939802,-0.379720396,nf
0.193803692,-0.178783385,0.01424551,0.070815155,0.072199072,-0.126474698,-0.415539433,nf
0.212579077,-0.167309538,0.013584199,0.071190485,0.072439958,0.018292763,-0.364250663,nf
0.188588308,-0.225721846,0.013686838,0.071575158,0.072836871,-0.08539339,-0.253533239,nf
0.232814769,-0.180035077,0.012563027,0.074755094,0.075766519,0.06663812,-0.490420346,nf
0.228642462,-0.198810462,0.014957097,0.074522104,0.07597174,-0.003687298,-0.390951082,nf
0.184207385,-0.207572308,0.013494912,0.071343964,0.072573989,-0.098860362,-0.370115008,nf
0.220923692,-0.186919385,0.014962521,0.070372767,0.071911411,-0.014133939,-0.403921554,nf
0.183790154,-0.180660923,0.01003899,0.069234542,0.069924314,-0.031456402,-0.620483357,nf
0.254928,-0.193803692,0.014340847,0.075532714,0.076844946,-0.060297376,-0.238436792,nf
0.207155077,-0.197558769,0.012720949,0.072354857,0.073428963,-0.03171818,-0.501520942,nf
0.262855385,-0.198184615,0.011950324,0.071853849,0.072805376,-0.029918664,-0.052784464,nf
0.235109538,-0.167935385,0.01086302,0.074695241,0.075444051,0.22418039,-0.212508383,nf
0.204651692,-0.190048615,0.013875635,0.078770026,0.079944015,-0.18995917,-0.569141124,nf
0.200688,-0.171690462,0.011331779,0.069296253,0.070182462,0.05986302,-0.412254541,nf
0.245748923,-0.216334154,0.015713537,0.076773126,0.078327096,-0.024284541,-0.3050202,nf
0.218628923,-0.182538462,0.011068298,0.070213429,0.07104578,-0.040052482,-0.473710158,nf
0.264107077,-0.207572308,0.015112933,0.072529545,0.074051841,-0.053383563,-0.002643561,nf
0.189214154,-0.193803692,0.013361815,0.067731875,0.069004039,-0.070732742,-0.481436168,nf
0.178574769,-0.172733538,0.015306737,0.067759299,0.06943362,0.024538936,-0.336124727,nf
0.191300308,-0.190465846,0.011919031,0.073426372,0.074351221,-0.122020121,-0.363931273,nf
0.210075692,-0.183372923,0.015047428,0.069125824,0.070710863,-0.048903443,-0.214894431,nf
0.207989538,-0.182329846,0.010907038,0.0680992,0.068933497,0.05273942,-0.46853226,nf
0.193177846,-0.212787692,0.01434189,0.068795532,0.070240887,-0.051689738,-0.341810378,nf
0.205068923,-0.163971692,0.01131655,0.067609512,0.068516709,-0.02974451,-0.406541931,nf
0.198184615,-0.187336615,0.011938433,0.068685459,0.069681423,-0.017531638,-0.333330012,nf
0.218003077,-0.182955692,0.011110647,0.070565227,0.071399708,-0.117012928,-0.371651428,nf
0.237612923,-0.169812923,0.012689865,0.071395665,0.072479489,0.099087489,-0.362893446,nf
0.212370462,-0.200479385,0.009971398,0.072817904,0.073461374,0.036504179,-0.265921912,nf
0.220715077,-0.191300308,0.015385176,0.069995974,0.071632678,-0.002940844,-0.196451977,nf
0.205277538,-0.176697231,0.010125356,0.06900055,0.069705364,-0.113344326,-0.382941195,nf
0.235526769,-0.185667692,0.011501801,0.067750537,0.068686509,0.057347697,-0.094067053,nf
0.225304615,-0.191926154,0.013530585,0.071685231,0.072915776,-0.044483367,-0.236117889,nf
0.248669538,-0.235318154,0.013403747,0.073841032,0.075011372,0.111875583,0.104690799,nf
0.219463385,-0.217168615,0.009729822,0.070906659,0.071535977,0.043614838,-0.059490431,nf
0.192552,-0.195472615,0.011902342,0.06877029,0.069758792,-0.065492238,-0.274883152,nf
0.241993846,-0.222384,0.010229664,0.078436796,0.079062157,-0.055630699,-0.229201441,nf
0.201105231,-0.213413538,0.011631559,0.072718377,0.073606845,-0.20814476,-0.071615252,nf
2.424344311,-2.047088723,0.021353722,0.524258653,0.524431377,0.324128199,3.308808939,ir_5
3.430223852,-2.744747605,0.018931002,0.522596976,0.522678558,0.280435285,6.640621119,ir_5
2.375613772,-2.065768762,0.02072388,0.534425536,0.534560121,0.381099724,2.893845864,ir_5
2.67287006,-2.11856018,0.019881248,0.506783683,0.506920246,0.254086292,3.230454129,ir_5
2.765458084,-2.12221497,0.019705818,0.523533345,0.523642431,0.375046224,3.518642228,ir_5
2.752463273,-2.16322984,0.01901425,0.486941445,0.487069195,0.281154344,3.567930177,ir_5
2.940075848,-2.347187625,0.020273529,0.540711743,0.540821445,0.367503405,4.573101455,ir_5
2.805254691,-2.18759511,0.018395372,0.485675353,0.485780875,0.293444369,4.336067757,ir_5
3.056623054,-2.474699202,0.02104875,0.562825334,0.562937504,0.371783404,3.903023976,ir_5
2.611144711,-1.999576447,0.018302378,0.45635998,0.456498788,0.278859553,4.554168244,ir_5
2.828401697,-2.309421457,0.020922051,0.569953048,0.57005207,0.326771754,4.325011359,ir_5
2.387796407,-1.768512475,0.018676385,0.487418587,0.487532675,0.331732428,3.829657177,ir_5
2.731346707,-2.443024351,0.020203275,0.531035981,0.531154766,0.378215962,3.815093576,ir_5
2.392669461,-1.914704092,0.019252218,0.459470402,0.459643977,0.309971425,3.611679173,ir_5
2.543328044,-2.12221497,0.019330999,0.515129439,0.515234576,0.368609087,3.803981257,ir_5
2.52546018,-1.924044112,0.018706436,0.48834814,0.488462233,0.332132036,3.591260682,ir_5
2.571348104,-2.109626248,0.019191711,0.516772967,0.516870938,0.418348706,3.620929021,ir_5
3.521999701,-2.924644511,0.018720649,0.505022657,0.505117114,0.262567275,7.315848396,ir_5
2.694392715,-2.079575749,0.018485118,0.53793745,0.537986081,0.395846814,3.528421642,ir_5
2.674494411,-2.167696806,0.018353139,0.485048532,0.485153217,0.203290358,4.320645459,ir_5
2.711042315,-2.019068663,0.018424611,0.541898868,0.541941136,0.463156704,3.413214618,ir_5
2.353278942,-2.127494112,0.017993751,0.474299542,0.4744037,0.137226352,3.747644743,ir_5
3.099668363,-2.509216667,0.01851395,0.519901927,0.519971617,0.464706869,5.699589184,ir_5
2.799975549,-2.42271996,0.018394154,0.478488292,0.47860259,0.207747746,5.101769587,ir_5
3.3652498,-2.70089012,0.018073345,0.55849935,0.558512532,0.440793245,5.926506972,ir_5
2.376425948,-1.966277246,0.017481675,0.473380137,0.473466233,0.197889027,3.599446695,ir_5
2.849112176,-2.22860998,0.018438012,0.550518172,0.550551676,0.355930212,3.136755932,ir_5
2.297238822,-2.020286926,0.01706909,0.484424445,0.484482951,0.151702865,3.225142364,ir_5
3.246266068,-2.731752794,0.017906849,0.565749765,0.56575028,0.351766378,3.93139867,ir_5
1.952470259,-1.967495509,0.017426447,0.464335709,0.464430538,0.152105996,2.613369812,ir_5
3.478548303,-2.817031238,0.017529593,0.565252652,0.565241839,0.315108983,4.770683979,ir_5
2.464547006,-2.053586128,0.015991332,0.490632013,0.490647302,0.238100479,3.765684554,ir_5
3.059871756,-2.631449102,0.018342581,0.539326293,0.539368545,0.301475979,5.759141872,ir_5
2.45439481,-1.944754591,0.016633763,0.488038087,0.48807753,0.278644061,3.773536828,ir_5
3.33357495,-2.81662515,0.017439442,0.548127787,0.548131153,0.368469226,6.24617028,ir_5
2.411755589,-2.00647994,0.015905648,0.483452525,0.483472448,0.250097858,3.459742858,ir_5
2.856827844,-2.474293114,0.01800431,0.574286781,0.574281862,0.331959382,4.055502916,ir_5
2.326883234,-2.031251297,0.015809405,0.495333723,0.495338347,0.230320991,2.766634993,ir_5
3.724637525,-3.267382635,0.016756808,0.567402601,0.567366334,0.373590869,8.134113284,ir_5
2.023535629,-1.727497605,0.015847171,0.498654848,0.498657331,0.195300317,1.866599711,ir_5
3.746566267,-3.371747206,0.015697731,0.561455212,0.561393927,0.394589896,9.182748373,ir_5
2.564444611,-2.068205289,0.016682088,0.545573936,0.545556194,0.130667741,2.513576527,ir_5
3.534588423,-3.18616507,0.014321499,0.540574607,0.540494024,0.437141528,8.769892,ir_5
3.320174052,-2.622921257,0.016209402,0.520332779,0.52032509,0.146319986,5.278098427,ir_5
3.701490519,-3.327077545,0.014237845,0.566709953,0.566605442,0.464447673,9.204586883,ir_5
2.916928842,-2.326071058,0.016158641,0.533307573,0.533285714,0.153526944,3.282247454,ir_5
2.994491617,-2.511653194,0.012691869,0.566909484,0.566768083,0.319643515,4.382789022,ir_5
3.068399601,-2.324852794,0.016423816,0.53722199,0.537204431,0.142932063,3.138662726,ir_5
2.985963772,-2.3946999,0.01308618,0.533196871,0.533090848,0.441376734,5.861462951,ir_5
2.882411377,-2.184346407,0.01438891,0.534542947,0.534469332,0.117814878,3.36246696,ir_5
3.497228343,-2.999770758,0.013486177,0.548695816,0.548587193,0.427114239,6.039678305,ir_5
3.275098303,-2.580282036,0.013612064,0.541757478,0.541657597,0.127028932,4.342436882,ir_5
3.221088623,-2.77357984,0.012840497,0.544948506,0.544827298,0.380785639,5.265303414,ir_5
3.307991417,-2.680991816,0.013951959,0.575363834,0.5752453,0.196041888,3.699541182,ir_5
2.830838224,-2.203432535,0.014100994,0.515481861,0.515416982,0.354374747,4.789311628,ir_5
3.386366367,-2.674900499,0.013121104,0.532539854,0.532435217,0.233944745,6.067458468,ir_5
2.875507884,-2.55713503,0.014178556,0.532616997,0.532539403,0.339917963,4.925145307,ir_5
3.031445609,-2.560383733,0.012630144,0.550545971,0.550415557,0.161295356,4.722668868,ir_5
3.007080339,-2.550637625,0.013374909,0.54262318,0.542516695,0.348087048,4.027374497,ir_5
3.242611277,-2.619266467,0.013156433,0.543738591,0.543625878,0.235464053,5.554561357,ir_5
2.859264371,-2.22292475,0.01487053,0.517855817,0.517810395,0.408000198,5.026896359,ir_5
3.243829541,-2.668403094,0.011359089,0.543511911,0.543358833,0.238728095,5.114194191,ir_5
2.455206986,-1.983332934,0.013012272,0.513471359,0.513379493,0.298828935,2.501857082,ir_5
3.125657984,-2.4414,0.012866893,0.509488003,0.509395724,0.235193827,4.097216843,ir_5
2.4881001,-2.147392415,0.013770032,0.509216025,0.509147594,0.401514384,3.048857868,ir_5
3.264946108,-2.586373353,0.011914211,0.536904317,0.536768039,0.248266064,5.195175918,ir_5
2.249320459,-1.742522854,0.01263989,0.491462653,0.491379457,0.323238336,2.839581504,ir_5
2.821498204,-2.192874251,0.012904253,0.498533951,0.498451687,0.286986577,3.130950798,ir_5
2.459267864,-1.951251996,0.012375933,0.493085396,0.492994156,0.343648882,3.332590168,ir_5
3.429005589,-2.600992515,0.012187914,0.53890482,0.538773173,0.318504675,5.29792407,ir_5
2.244853493,-1.88709012,0.01280598,0.497008951,0.496925419,0.273577486,3.031541491,ir_5
3.122815369,-2.357745908,0.012682123,0.547721124,0.547594072,0.294702726,3.783099005,ir_5
2.55713503,-2.115311477,0.011727004,0.480267639,0.480170668,0.312978105,4.393258165,ir_5
3.276722655,-2.468607884,0.013402929,0.567057645,0.566932497,0.305400841,3.276286786,ir_5
3.281189621,-2.604241218,0.012442531,0.491486531,0.491398278,0.352945668,5.865769159,ir_5
2.374801597,-2.027190419,0.013226687,0.530938777,0.530838049,0.249231605,2.101428663,ir_5
2.550637625,-2.023535629,0.011928018,0.473737255,0.473650544,0.298979856,4.074135971,ir_5
2.716321457,-2.23226477,0.012951765,0.583607993,0.583459886,0.292280651,2.99330825,ir_5
2.758148503,-2.197341218,0.01202223,0.442149193,0.442091559,0.376826187,5.032114984,ir_5
3.713673154,-2.816219062,0.012172889,0.590684238,0.590514301,0.295994897,4.10176562,ir_5
3.19550509,-2.440993912,0.013504045,0.49792645,0.497860601,0.368392961,4.793667003,ir_5
2.819873852,-2.225767365,0.011659188,0.601910508,0.601722444,0.251781032,3.141910635,ir_5
2.736625848,-2.08485489,0.011459392,0.470717217,0.470621335,0.433892492,5.423477975,ir_5
3.787987226,-2.990024651,0.012751158,0.587835469,0.587679828,0.308282191,5.682857908,ir_5
3.090328343,-2.426780838,0.012105072,0.474767349,0.474684279,0.363297191,6.103846985,ir_5
2.95469501,-2.201808184,0.011348936,0.584474648,0.584292565,0.287208528,3.476068699,ir_5
3.318549701,-2.550231537,0.012147711,0.516263148,0.516147922,0.344477587,4.606997618,ir_5
3.169515469,-2.487287924,0.012585068,0.586464915,0.586306694,0.320773523,4.38701341,ir_5
3.515908383,-2.665560479,0.010872595,0.537063675,0.536905175,0.342358236,5.703195566,ir_5
2.974999401,-2.713478842,0.012769026,0.563393985,0.563256973,0.318283337,3.194265446,ir_5
3.556923253,-2.779671158,0.011348936,0.507844893,0.507717763,0.345355463,7.00159595,ir_5
3.204032934,-2.771955489,0.012158269,0.569446639,0.569291691,0.331180729,4.171151297,ir_5
2.925050599,-2.233483034,0.010914016,0.534266445,0.534110765,0.24952272,4.246559323,ir_5
2.996928144,-2.425562575,0.012105072,0.54090603,0.540771012,0.367931944,4.166564829,ir_5
2.195310778,-1.834298703,0.010233413,0.464260303,0.464140942,0.202931049,2.915618791,ir_5
3.299463573,-2.690737924,0.011725786,0.564067123,0.563906944,0.292846488,3.660296951,ir_5
2.533175848,-1.84607525,0.01069879,0.496221539,0.496088747,0.203564624,3.356454932,ir_5
3.288905289,-2.507998403,0.011498783,0.561970406,0.561807038,0.348076178,4.106520682,ir_5
2.748808483,-2.192874251,0.010969244,0.509827733,0.509690805,0.268725811,4.665993571,ir_5
3.094795309,-2.458455689,0.010574527,0.578071102,0.577878753,0.296210725,3.799630857,ir_5
2.097037525,-1.769730739,0.01138589,0.483223845,0.483116361,0.141369152,2.459791294,ir_5
2.750026747,-2.175006387,0.010655745,0.556284017,0.556107904,0.320905786,2.436421315,ir_5
3.146774551,-2.795508583,0.011002137,0.495600898,0.495475203,0.252116248,5.933593291,ir_5
2.748808483,-2.154295908,0.009731083,0.555387037,0.555194561,0.308137642,3.50654193,ir_5
2.226985629,-1.90008493,0.011069548,0.467796921,0.467693982,0.22906679,2.729918657,ir_5
3.307991417,-2.656220459,0.009936563,0.575609864,0.57540779,0.318294454,5.14702918,ir_5
2.235513473,-1.801811677,0.010970463,0.47107156,0.470963754,0.206411654,3.390652101,ir_5
3.18981986,-2.574596806,0.009470374,0.569076847,0.568871072,0.31849367,3.933381606,ir_5
2.283431836,-1.753893313,0.010922138,0.45580536,0.455708306,0.207188862,2.484258909,ir_5
2.823528643,-2.266782236,0.009010683,0.560071769,0.559864178,0.30734113,2.709309646,ir_5
2.375613772,-1.87206487,0.010870971,0.481961819,0.481843424,0.21975696,3.626420067,ir_5
2.929111477,-2.427999102,0.009593825,0.548502804,0.548312422,0.351595138,4.527643335,ir_5
2.706575349,-2.156326347,0.009614941,0.497645638,0.497489676,0.208932775,3.525832787,ir_5
2.524648004,-2.263939621,0.009098804,0.534937121,0.534747,0.331956614,3.719605136,ir_5
2.533175848,-1.942724152,0.009780219,0.470922815,0.470788893,0.133262721,3.41175502,ir_5
2.272467465,-1.850136128,0.008942054,0.514053424,0.51387414,0.370069453,2.805339418,ir_5
2.8015999,-2.148204591,0.009869965,0.479207279,0.479069298,0.160301018,3.836839414,ir_5
2.731752794,-2.241198703,0.009673824,0.535214986,0.535034774,0.339124508,3.538652378,ir_5
3.368904591,-2.702920559,0.009054946,0.535807951,0.535616525,0.181873737,5.073474699,ir_5
2.562414172,-2.095819261,0.009642555,0.546888972,0.546700503,0.355388857,2.866618182,ir_5
3.328701896,-3.630019062,0.00752562,0.560026211,0.559796716,-0.27975134,13.46095075,or_5
4.336611876,-4.689908283,0.005439546,0.582806511,0.582540432,-0.003887786,17.78980885,or_5
3.813164671,-3.894382236,0.005134574,0.538252439,0.538007747,-0.076898518,13.80609008,or_5
4.847876447,-5.084625649,0.004291942,0.606573477,0.606285306,-0.003477945,22.91065447,or_5
6.063297305,-5.104117864,0.006218017,0.602353671,0.602084528,0.578603402,25.54422866,or_5
5.640965968,-5.427363772,0.006830803,0.656924223,0.65663121,-0.033605765,20.01894839,or_5
4.086867864,-4.408489421,0.005810305,0.59149012,0.591222852,0.394700837,17.08908018,or_5
5.074067365,-5.012748104,0.005467973,0.666714231,0.666403224,0.184140239,15.68874767,or_5
4.741075349,-3.703927046,0.005550814,0.512376455,0.512150284,0.231832867,17.18820101,or_5
3.686059182,-3.911437924,0.005848071,0.595183587,0.594914665,-0.410055541,14.35401719,or_5
3.3652498,-2.941294112,0.005202391,0.539489179,0.539244463,0.071897722,10.20935701,or_5
5.300664371,-5.006250699,0.006501466,0.686641939,0.686329326,0.077784726,18.30944777,or_5
4.596101996,-4.839348603,0.005238939,0.535320899,0.53507882,0.13267547,23.32083801,or_5
3.798545509,-4.137628842,0.005456602,0.638401567,0.638105617,-0.319841293,11.58047883,or_5
4.06534521,-4.169303693,0.005614164,0.460319301,0.460123336,0.217319947,24.7006013,or_5
3.900067465,-3.03672475,0.005653149,0.627446884,0.627158561,0.439613241,9.022746415,or_5
4.848688623,-4.840160778,0.006091723,0.54693788,0.546698283,-0.043938712,24.23441455,or_5
5.253558184,-4.60097505,0.006452329,0.710827191,0.710500987,0.038841851,13.85569847,or_5
3.257230439,-3.319767964,0.004510417,0.465637211,0.46542619,-0.190744305,14.84179094,or_5
5.092341317,-3.976411976,0.00648969,0.662928086,0.662628319,0.506719667,11.53826772,or_5
5.009093313,-4.463717365,0.006094972,0.585820063,0.585558801,0.739184993,18.85008551,or_5
4.006056387,-3.258042615,0.004818232,0.569965141,0.569700463,0.009964794,9.172177376,or_5
4.345545808,-3.60240509,0.003987376,0.517396862,0.51715347,0.355626398,17.49361222,or_5
3.262509581,-3.603623353,0.005955684,0.563422941,0.563172651,-0.357983008,12.11267966,or_5
3.512659681,-3.478548303,0.005730711,0.48314675,0.482939119,-0.534920229,15.72810361,or_5
5.143508383,-4.732953593,0.005357517,0.611954516,0.611671926,0.246569375,18.12556172,or_5
3.199565968,-3.608090319,0.005613352,0.49336926,0.493154462,-0.411793752,14.34614204,or_5
4.984728044,-4.574579341,0.005459445,0.629082916,0.628791997,0.064582971,14.33580533,or_5
6.652936826,-5.979643214,0.006171723,0.644043979,0.643751462,0.321177416,31.54561442,or_5
4.519351397,-4.376814571,0.00500219,0.618233324,0.617944376,0.09478472,16.71597452,or_5
3.956513673,-3.913874451,0.005428176,0.568254915,0.567996654,0.080025766,15.50683142,or_5
3.017638623,-2.786168563,0.005837919,0.526644096,0.52641308,0.124889075,10.44739119,or_5
4.665949102,-4.702903094,0.005046859,0.604813431,0.604532015,0.496891032,16.66937458,or_5
3.251951297,-4.225343812,0.005292137,0.576975171,0.576710893,-0.296237947,12.16087913,or_5
3.920777944,-3.233271257,0.005866345,0.528758981,0.528527093,0.249071115,15.22826279,or_5
3.487888323,-3.633673852,0.005332339,0.528817263,0.528579685,-0.360240975,12.5904875,or_5
5.063509082,-4.275698703,0.00554919,0.59585534,0.59558319,0.130869868,17.32132209,or_5
4.561584531,-4.596508084,0.005854974,0.62167029,0.621386962,-0.097930389,14.78350708,or_5
5.246248603,-4.462093014,0.005224726,0.560339275,0.560083405,0.08173495,21.83520542,or_5
3.565451098,-3.799763772,0.00527102,0.564023194,0.563765753,-0.073289657,10.58305429,or_5
4.630213373,-4.350418862,0.005543505,0.607952816,0.60767405,-0.008260008,17.29262836,or_5
3.49032485,-3.382305489,0.004586356,0.544827939,0.54457477,-0.068457923,12.26172016,or_5
4.180674152,-3.950422355,0.005604012,0.585755812,0.585489681,0.033256961,16.23076399,or_5
3.063932635,-3.336011477,0.005074473,0.527441269,0.527201904,-0.463188447,11.52793413,or_5
3.133779741,-2.912867964,0.004481991,0.509134106,0.508899213,0.039844902,10.92055678,or_5
5.370917565,-4.273668263,0.005241782,0.550338663,0.550088399,0.395165557,20.27760569,or_5
4.408895509,-4.520569661,0.004698436,0.575227111,0.574958623,-0.015895545,18.85336113,or_5
4.92016008,-4.340672754,0.005770102,0.666022112,0.665714024,0.266981631,14.01173791,or_5
3.383117665,-3.685653094,0.004151436,0.45583185,0.45562279,-0.634701878,20.12149222,or_5
4.973357585,-5.079346507,0.005940659,0.782983706,0.782614663,0.307942052,14.07839596,or_5
3.666160878,-3.45499521,0.004612346,0.521862249,0.521621645,0.304830765,14.7569109,or_5
4.665949102,-4.554681038,0.005650306,0.661632754,0.661325993,0.101167825,13.86947875,or_5
5.652742515,-4.601381138,0.003606872,0.534380403,0.534125324,1.007510302,30.73310447,or_5
3.937833633,-3.416010778,0.004360977,0.660561796,0.660245835,0.3662736,8.729611739,or_5
3.056216966,-2.803224251,0.004228186,0.462817965,0.462605821,-0.010806931,14.07939445,or_5
4.226968164,-4.511229641,0.006049084,0.679992165,0.679679002,0.072196508,10.32396136,or_5
5.012342016,-4.025954691,0.002605053,0.509431968,0.509183853,0.689525643,25.1707944,or_5
5.393658483,-5.266959082,0.004326866,0.677518645,0.677193624,-0.127753176,17.56569471,or_5
5.639341617,-4.670416068,0.004223719,0.528959789,0.528712115,0.807247515,29.05932641,or_5
5.615382435,-5.479343014,0.005596702,0.756497084,0.756139453,0.165277672,17.88784097,or_5
6.038525948,-5.146757086,0.002602617,0.553356848,0.553086224,0.682295162,31.9934877,or_5
4.877926946,-4.326865768,0.003731947,0.638022462,0.637714291,-0.194085053,14.63853346,or_5
3.69946008,-3.547583234,0.003807073,0.53793612,0.537680563,0.364738852,14.21142712,or_5
6.231823752,-6.304107385,0.005028586,0.807835069,0.807446709,0.442547137,22.20076849,or_5
4.443006886,-4.363413673,0.003558548,0.569970866,0.569696923,0.372039518,18.37117261,or_5
5.745330539,-4.897419162,0.004518945,0.722170126,0.721823096,0.200900274,18.96580801,or_5
3.844433433,-3.681998303,0.002082012,0.510524559,0.510273481,0.226242042,14.47218817,or_5
4.822292914,-4.535188822,0.002629419,0.631669339,0.631358901,0.082006203,15.8696625,or_5
3.045252595,-3.203626846,0.004486052,0.443577745,0.443378596,-0.284544142,13.23848506,or_5
4.384124152,-4.007274651,0.004497017,0.61442734,0.614136514,-0.046324517,13.83215674,or_5
4.471026946,-4.172552395,0.002268,0.505152027,0.504904482,0.60075762,20.96585159,or_5
5.133356188,-4.940058383,0.002863731,0.662577673,0.662252493,0.161408752,17.45579325,or_5
4.437321657,-4.27245,0.005342085,0.524974824,0.524739464,0.51085686,19.25154644,or_5
4.066157385,-3.453776946,0.007698613,0.548432445,0.548212219,0.035906304,14.64038312,or_5
3.111038822,-4.219252495,0.000384971,0.486188859,0.485945856,-0.86624529,19.21511598,or_5
3.866768263,-3.012359481,0.001387602,0.575604891,0.57531869,0.006854028,11.29487249,or_5
4.293972655,-4.287881337,0.005670204,0.543269128,0.54302703,-0.219067804,17.77204582,or_5
4.343109281,-3.269413074,0.003764028,0.498783148,0.498547903,0.080188055,14.83616308,or_5
3.613369461,-3.302712275,0.005110209,0.552885644,0.552632759,0.08629212,10.37275304,or_5
3.966665868,-4.032452096,0.003707582,0.522482812,0.522234666,0.29654621,16.33108749,or_5
2.969720259,-3.238144311,0.003880169,0.563970734,0.563702033,-0.277757023,9.092331589,or_5
3.13946497,-3.405046407,0.004107984,0.478704269,0.478482491,-0.251025184,12.69325683,or_5
4.186765469,-3.632861677,0.004525443,0.663051075,0.662734918,0.176857623,9.526694754,or_5
2.517338423,-2.663123952,0.003819662,0.42331151,0.423117042,-0.537543834,11.28323999,or_5
5.131325749,-3.755094112,0.004538438,0.66245289,0.662137135,0.093125588,12.84240883,or_5
2.522617565,-3.522811876,0.004036513,0.489432984,0.489204859,-0.438298865,12.76427096,or_5
4.450722555,-3.766058483,0.004482397,0.637177282,0.636874388,0.348058412,12.09417992,or_5
3.276722655,-3.302306188,0.003156927,0.479028122,0.478798955,-0.108498011,14.2989788,or_5
5.610103293,-4.435291218,0.005039956,0.656973717,0.656664489,0.331662171,15.7861282,or_5
2.869416567,-3.452152595,0.003992655,0.456456366,0.456245551,-0.492806429,13.59373816,or_5
5.398937625,-4.616406387,0.003702709,0.649798604,0.649484178,0.42317879,15.95626022,or_5
3.345757585,-4.066157385,0.003860677,0.492586264,0.492355046,-0.668417715,17.82759044,or_5
5.762792315,-5.351831437,0.005355486,0.757468144,0.757108256,0.363596358,15.18793603,or_5
3.185758982,-3.654384331,0.004910008,0.551447238,0.551193315,-0.279084436,13.0918614,or_5
6.261062076,-6.411720659,0.005016403,0.720548382,0.720205488,0.554499573,27.20085602,or_5
3.38392984,-3.438345609,0.002151047,0.539018744,0.538753462,-0.302592414,12.22823151,or_5
5.465536028,-5.635280739,0.004359353,0.600321304,0.600036905,0.273006148,27.24415583,or_5
4.97416976,-4.389809381,0.004293567,0.632795894,0.63249399,0.088038099,17.14603249,or_5
4.064939122,-4.010929441,0.004830415,0.567698515,0.567435155,0.042376882,16.78159454,or_5
3.290935729,-3.487888323,0.005164625,0.491713528,0.491494746,-0.573296201,14.07239319,or_5
4.982697605,-4.958332335,0.002799976,0.673485075,0.673154072,0.17430313,16.93679735,or_5
4.449910379,-3.568293713,0.004416611,0.523823779,0.52358043,0.539347267,16.49792035,or_5
4.90148004,-4.599350699,0.004655797,0.606354546,0.606069176,0.056563014,17.28433565,or_5
4.427575549,-4.023518164,0.004718741,0.576166655,0.575897832,0.107203513,15.58289166,or_5
3.971538922,-4.275292615,0.004735796,0.5697807,0.569515429,-0.31995007,16.91291302,or_5
4.428793812,-4.158745409,0.003805855,0.637861161,0.63755351,0.245459289,17.45839307,or_5
4.41051986,-4.01864511,0.00438453,0.601028919,0.600744329,-0.034322252,14.27244034,or_5
4.553462774,-4.325647505,0.004440164,0.577716667,0.577444808,0.043508352,20.05416581,or_5
3.919965768,-3.960980639,0.004835288,0.600515291,0.600234435,-0.088224308,13.61724006,or_5
5.510611776,-5.31772006,0.004515697,0.652082607,0.651772127,0.405771433,26.20569321,or_5
4.855592116,-4.685847405,0.004827166,0.640602386,0.6403002,-0.043183502,16.22307145,or_5
4.169303693,-4.357728443,0.003886667,0.557425091,0.557159866,-0.082080875,18.7225435,or_5
3.788799401,-4.03732515,0.004387373,0.604006018,0.603719882,-0.232567271,11.07473075,or_5
4.025548603,-3.779053293,0.004306967,0.500763067,0.500531153,-0.18684178,18.7843718,or_5
3.87854481,-3.743723653,0.004319962,0.567817122,0.567549584,-0.41512477,10.71506722,or_5
3.211342515,-4.142095808,0.004107172,0.475397982,0.475177974,-0.69043181,19.79703861,or_5
5.209700699,-5.024930739,0.004702903,0.607363455,0.607077914,0.393820164,18.73272427,or_5
3.921184032,-3.848494311,0.004479961,0.475471502,0.475254823,-0.353511509,21.36033739,or_5
4.265546507,-4.106766168,0.004470621,0.600896889,0.600613004,0.192449442,12.75940659,or_5
3.124033633,-3.299869661,0.004678538,0.432292611,0.432101739,-0.479374855,18.35506344,or_5
